city_id,lat,lng,unitid
869,26.194444,-80.10865523,1392-STIN-000022
1371,26.17544865,-80.09855419,1993-STIN-001079
1399,26.17427433,-80.10006403,1993-STIN-000101
3729,26.13750492,-80.10646304,0102-STIN-000376
9099,26.10749511,-80.1065463,1302-STIN-000171
9072,26.14200627,-80.12214783,3592-STIN-000552
10354,26.16391562,-80.11000326,2592-STIN-000095
11675,26.19234634,-80.15984978,1692-STIN-000180
4662,26.13185849,-80.11177522,0102-STIN-000184
7088,26.11622235,-80.1416647,1002-STIN-00144
7333,26.11283546,-80.10581819,1202-STIN-000359
7437,26.11152544,-80.133964,1102-STIN-000135
7589,26.10918394,-80.12837413,1102-STIN-000009
8073,26.10359645,-80.12840111,1402-STIN-000062
12198,26.15323818,-80.1860018,2992-STIN-000098
12875,26.20784702,-80.18663803,0892-STIN-14313
13276,26.11224242,-80.18787057,0702-STIN-14700
13377,26.10723495,-80.1895727,0702-STIN-14803
9866,26.12834241,-80.13596847,0202-STIN-001132
9867,26.12872149,-80.13598038,0202-STIN-001133
9868,26.12919437,-80.13599447,0202-STIN-001134
9869,26.12960732,-80.13600705,0202-STIN-001135
9870,26.16980564,-80.10288827,1993-STIN-001085
9871,26.1698766,-80.10281907,1993-STIN-001086
9877,26.09221122,-80.18576933,1802-STIN-000311
9878,26.09231598,-80.18554097,1702-STIN-001144
9879,26.09260375,-80.18568292,1802-STIN-000314
9880,26.0929212,-80.18576896,1802-STIN-000316
9881,26.09303872,-80.18572403,1802-STIN-000317
9882,26.09304648,-80.18556477,1702-STIN-001148
9883,26.09300471,-80.18583552,1802-STIN-000318
9884,26.09360439,-80.18590809,1802-STIN-000321
9885,26.09384573,-80.18570501,1802-STIN-000322
9886,26.09384505,-80.18558418,1702-STIN-001149
9887,26.09288261,-80.18707424,1802-STIN-000323
9888,26.09296637,-80.18707555,1802-STIN-000324
9889,26.09293748,-80.18801463,1802-STIN-000326
9890,26.09281942,-80.18890511,1802-STIN-000327
9891,26.09296694,-80.18899874,1802-STIN-000328
9892,26.09285571,-80.18806441,1802-STIN-000325
9893,26.09358515,-80.18652547,1802-STIN-000329
9894,26.09367279,-80.18652046,1802-STIN-000330
9895,26.09363474,-80.18778278,1802-STIN-000331
10045,26.12737584,-80.17189415,0502-STIN-001160
10046,26.12737687,-80.1717967,0502-STIN-001161
10047,26.12723416,-80.17175567,0502-STIN-001163
10048,26.12717083,-80.17189157,0502-STIN-001164
10049,26.12585205,-80.17177276,0502-STIN-001165
10050,26.12584723,-80.17184846,0502-STIN-001166
10051,26.12582234,-80.17192218,0502-STIN-001167
10052,26.12553702,-80.17155829,0502-STIN-001168
10053,26.12544496,-80.17156878,0502-STIN-001169
10054,26.12561231,-80.17066306,0502-STIN-001170
10055,26.1256086,-80.17058745,0502-STIN-001171
10056,26.12556183,-80.17050489,0502-STIN-001172
10057,26.12555102,-80.17073965,0502-STIN-001173
10058,26.12707067,-80.17069836,0502-STIN-001174
10059,26.12739707,-80.17069294,0502-STIN-001175
10060,26.12744518,-80.1706009,0502-STIN-001176
10063,26.12734926,-80.17309174,0502-STIN-001179
10064,26.12728951,-80.1729165,0502-STIN-001180
10892,26.12989666,-80.13697452,0202-STIN-001195
10893,26.12999223,-80.13697693,0202-STIN-001196
10894,26.13000165,-80.13667279,0202-STIN-001197
10895,26.13001053,-80.13627835,0202-STIN-001198
10896,26.12991814,-80.13633715,0202-STIN-001199
11299,26.15480737,-80.16996082,2892-STIN-000122
11300,26.15489636,-80.16995796,2892-STIN-000123
11574,26.12052156,-80.15421125,0902-STIN-001342
11575,26.12047648,-80.14398347,1002-STIN-001124
11576,26.11979291,-80.14395881,1002-STIN-001125
11577,26.11963853,-80.14395994,1002-STIN-001126
11583,26.10211841,-80.20003638,1802-STIN-000493
11584,26.10212181,-80.19990539,1802-STIN-000494
11585,26.10181382,-80.19989561,1802-STIN-000495
11586,26.10176345,-80.2001729,1802-STIN-000496
11587,26.10190644,-80.20018152,1802-STIN-000497
11588,26.10085591,-80.20091075,1802-STIN-000498
11589,26.10087344,-80.20023645,1802-STIN-000499
11590,26.10088677,-80.1997229,1802-STIN-000500
11591,26.10140132,-80.19988245,1802-STIN-000501
11592,26.1017,-80.19996336,1802-STIN-000502
11593,26.10129928,-80.20015518,1802-STIN-000503
11595,26.0983098,-80.18259934,1702-STIN-001180
11596,26.09831289,-80.18269277,1702-STIN-001181
11597,26.0976743,-80.18258901,1702-STIN-001182
11598,26.09761931,-80.18274869,1702-STIN-001184
11599,26.09770916,-80.18274885,1702-STIN-001185
11600,26.097595,-80.18351949,1702-STIN-001186
11601,26.09767217,-80.18351828,1702-STIN-001187
11602,26.09846554,-80.18473832,1702-STIN-001188
11603,26.09847178,-80.18464866,1702-STIN-001189
11604,26.09766916,-80.18463077,1702-STIN-001190
11605,26.09756637,-80.18462481,1702-STIN-001191
12394,26.15194888,-80.11164499,3692-STIN-000390
12398,26.18508567,-80.12234998,1392-STIN-001078
12399,26.18500237,-80.1223461,1392-STIN-001079
12400,26.18510424,-80.12206393,1392-STIN-001080
12401,26.18499862,-80.12206472,1392-STIN-001081
12402,26.11564482,-80.11270535,1202-STIN-000133
12410,26.12047609,-80.12965592,1102-STIN-13984
12411,26.12047273,-80.12981229,1102-STIN-13985
12412,26.13038274,-80.12895163,0202-STIN-13986
12413,26.13050414,-80.12895622,0202-STIN-13987
12465,26.19896927,-80.15485965,1092-STIN-000026
12466,26.19911236,-80.15491183,1092-STIN-000027
12467,26.19897697,-80.15419464,1092-STIN-000028
12468,26.19908866,-80.15419294,1092-STIN-000029
12469,26.19899,-80.15392182,1092-STIN-000030
12470,26.19909364,-80.15381919,1092-STIN-000031
12471,26.19909917,-80.15345994,1092-STIN-000033
12472,26.19899627,-80.15328497,1092-STIN-000034
12473,26.19900559,-80.15284009,1092-STIN-000035
12474,26.19911508,-80.15265739,1092-STIN-000036
12475,26.199015,-80.15239604,1092-STIN-000037
12476,26.19912592,-80.15192902,1092-STIN-000038
12477,26.19901169,-80.15185379,1092-STIN-000039
12478,26.19836786,-80.15488521,1092-STIN-000040
12479,26.19828688,-80.15480785,1092-STIN-000041
12480,26.19820773,-80.15471422,1092-STIN-000042
12571,26.19109313,-80.15888972,1692-STIN-000036
12481,26.19830053,-80.15391884,1092-STIN-000043
12482,26.19821279,-80.15434833,1092-STIN-000044
12483,26.19832801,-80.15168489,1092-STIN-000045
12484,26.19825105,-80.15187049,1092-STIN-000046
12485,26.19824622,-80.15203462,1092-STIN-000047
12486,26.19833061,-80.15187795,1092-STIN-000048
12487,26.19831871,-80.15244109,1092-STIN-000049
12678,26.10323563,-80.15867845,1602-STIN-14105
12679,26.10315264,-80.15867551,1602-STIN-14106
12680,26.10328366,-80.15660531,1602-STIN-14107
12681,26.10319948,-80.15660162,1602-STIN-14108
12682,26.10334204,-80.15405922,1602-STIN-14109
12683,26.10325429,-80.15405625,1602-STIN-14110
12684,26.09996711,-80.17108055,1702-STIN-14111
12685,26.09996487,-80.17122317,1702-STIN-14112
12686,26.09881484,-80.1710951,1702-STIN-14113
12687,26.09881126,-80.17119388,1702-STIN-14114
12688,26.09820429,-80.17212157,1702-STIN-14118
12689,26.09820746,-80.17202285,1702-STIN-14117
12690,26.0968918,-80.17104419,1702-STIN-14115
12691,26.09688873,-80.17114302,1702-STIN-14116
12692,26.09586914,-80.17300539,1702-STIN-14119
12693,26.09587089,-80.172907,1702-STIN-14120
12695,26.12931306,-80.16886201,0402-STIN-14123
12696,26.12931943,-80.16892686,0402-STIN-14122
12697,26.12956961,-80.16892741,0402-STIN-14124
12698,26.12957966,-80.16828141,0402-STIN-14125
13325,26.11163479,-80.18722584,0702-STIN-14749
13326,26.1115397,-80.1872265,0702-STIN-14750
13327,26.11165121,-80.18683878,0702-STIN-14751
13328,26.11153751,-80.18683728,0702-STIN-14752
13329,26.11166689,-80.18617736,0702-STIN-14753
13330,26.11156656,-80.18620757,0702-STIN-14754
13338,26.11040728,-80.18766895,0702-STIN-14762
13339,26.11047063,-80.18774227,0702-STIN-14763
13340,26.10958158,-80.18864513,0702-STIN-14764
13341,26.10950803,-80.18855993,0702-STIN-14765
13342,26.10981166,-80.18613565,0702-STIN-14766
13343,26.10990692,-80.18613251,0702-STIN-14767
13344,26.10984083,-80.18693376,0702-STIN-14768
13345,26.10968184,-80.1869659,0702-STIN-14769
13346,26.10958022,-80.18703364,0702-STIN-14770
13347,26.10960551,-80.18734385,0702-STIN-14772
13348,26.10955334,-80.18683891,0702-STIN-14773
13349,26.10952556,-80.18727861,0702-STIN-14775
13350,26.10943176,-80.19251536,0702-STIN-14776
13351,26.10952789,-80.19251793,0702-STIN-14777
13352,26.10960505,-80.19132167,0702-STIN-14778
13353,26.10950538,-80.19128462,0702-STIN-14779
13354,26.10983053,-80.19095186,0702-STIN-14780
13355,26.10974158,-80.19088305,0702-STIN-14781
13356,26.10871937,-80.19224592,0702-STIN-14782
13357,26.10860766,-80.19224024,0702-STIN-14783
13358,26.10863562,-80.19114886,0702-STIN-14784
13394,26.09764518,-80.1097057,1302-STIN-14820
13395,26.09761751,-80.11197393,1302-STIN-14821
13396,26.09750904,-80.11189032,1302-STIN-14822
13397,26.09990707,-80.1116234,1302-STIN-14823
13398,26.09990695,-80.10973919,1302-STIN-14824
13399,26.1000036,-80.10973556,1302-STIN-14825
13400,26.10946357,-80.11631606,1202-STIN-14826
13401,26.10919137,-80.11582544,1202-STIN-14827
13402,26.1091035,-80.11588085,1202-STIN-14828
13405,26.10896502,-80.11813679,1202-STIN-14831
13406,26.10889216,-80.11801092,1202-STIN-000045
13407,26.10487148,-80.11464418,1302-STIN-14832
13408,26.10479029,-80.11464309,1302-STIN-14833
13409,26.11067071,-80.15670589,0902-STIN-14834
13410,26.10194649,-80.14329341,1502-STIN-14835
13411,26.20278074,-80.1306688,1192-STIN-14836
13412,26.20278619,-80.13078218,1192-STIN-14837
13413,26.12425263,-80.14119258,0302-STIN-00610
13414,26.12424789,-80.1414589,0302-STIN-14838
12606,26.13634508,-80.15751665,
13277,26.11223957,-80.18797997,0702-STIN-14701
5,26.21122724,-80.11431762,1292-STIN-000134
6,26.21085525,-80.11431489,1292-STIN-000135
10,26.21027575,-80.10405024,0793-STIN-000108
11,26.21034109,-80.1165088,1292-STIN-000136
11875,26.1219041,-80.1490603,1002-STIN-001167
12199,26.1532317,-80.1858922,2992-STIN-000099
13590,26.20504684,-80.18851732,0792-STIN-15026
6819,26.11903001,-80.14632914,1002-STIN-00330
5299,26.12853054,-80.15255094,0302-STIN-00433
12246,26.15170348,-80.18564129,2992-STIN-000146
12287,26.15311608,-80.18587967,2992-STIN-000188
24,26.21004764,-80.16699922,0992-STIN-000001
25,26.21004263,-80.16709846,0992-STIN-000002
27,26.20999268,-80.16779083,0992-STIN-000019
28,26.20998823,-80.16787644,0992-STIN-000018
31,26.20993055,-80.16868225,0992-STIN-000033
32,26.20991176,-80.1685915,0992-STIN-000034
33,26.20988767,-80.16963167,0992-STIN-000050
34,26.2098835,-80.16953902,0992-STIN-000051
36,26.20980225,-80.17052347,0992-STIN-000065
37,26.20979869,-80.17062597,0992-STIN-000066
42,26.20961763,-80.16858066,0992-STIN-000035
45,26.20949272,-80.1669773,0992-STIN-000004
9082,26.11044016,-80.17817008,0802-STIN-000044
75,26.20890317,-80.11302164,1292-STIN-000132
48,26.20941912,-80.16777423,0992-STIN-000021
9845,26.12959766,-80.13642781,0202-STIN-001111
49,26.20941815,-80.16785457,0992-STIN-000020
50,26.20942171,-80.16857357,0992-STIN-000036
51,26.209407,-80.16707283,0992-STIN-000003
52,26.20941388,-80.16867125,0992-STIN-000037
53,26.20903711,-80.10657561,1292-STIN-000131
55,26.20937305,-80.16952727,0992-STIN-000052
56,26.20937281,-80.16960531,0992-STIN-000053
58,26.20898355,-80.10652421,1292-STIN-000129
60,26.20935868,-80.17384425,0892-STIN-000041
62,26.20894211,-80.10649526,1292-STIN-000130
63,26.2092605,-80.15995365,0992-STIN-000118
68,26.20928542,-80.17050283,0992-STIN-000068
69,26.20928365,-80.17060611,0992-STIN-000067
73,26.2092704,-80.17379675,0892-STIN-000042
78,26.20923627,-80.17391282,0892-STIN-000043
80,26.20886671,-80.11310597,1292-STIN-000133
85,26.20871751,-80.10820146,1292-STIN-000026
86,26.20871033,-80.10781532,1292-STIN-000027
87,26.20868043,-80.10963336,1292-STIN-000025
98,26.20888298,-80.15993813,0992-STIN-000116
99,26.20888204,-80.15983792,0992-STIN-000117
102,26.20891878,-80.16705773,0992-STIN-000005
109,26.20888908,-80.16855726,0992-STIN-000038
110,26.20888314,-80.16865191,0992-STIN-000039
117,26.20886318,-80.16775156,0992-STIN-000022
118,26.2088573,-80.16783367,0992-STIN-000023
120,26.20887841,-80.1757597,0892-STIN-000074
122,26.20887456,-80.1758561,0892-STIN-000075
123,26.20875791,-80.15993222,0992-STIN-000107
125,26.20878697,-80.16695729,0992-STIN-000007
126,26.20877892,-80.16705424,0992-STIN-000006
128,26.20873972,-80.16958577,0992-STIN-000054
129,26.20873322,-80.16950235,0992-STIN-000055
131,26.20873733,-80.17048146,0992-STIN-000069
132,26.20873293,-80.17058726,0992-STIN-000070
9084,26.10970895,-80.17814823,0802-STIN-000046
161,26.20861912,-80.18198498,0892-STIN-000109
162,26.20848069,-80.15983503,0992-STIN-000120
163,26.2084794,-80.15993538,0992-STIN-000119
166,26.20851877,-80.172376,0892-STIN-000036
168,26.20849429,-80.17315107,0892-STIN-000039
170,26.20849068,-80.17295898,0892-STIN-000038
172,26.20851684,-80.18184601,0892-STIN-000107
174,26.20851283,-80.18198277,0892-STIN-000108
175,26.2084517,-80.17373391,0892-STIN-000047
176,26.20844037,-80.17389267,0892-STIN-000044
177,26.20840968,-80.16863481,0992-STIN-000041
178,26.20840515,-80.16854127,0992-STIN-000040
184,26.20839301,-80.17237387,0892-STIN-000035
186,26.20838885,-80.17317694,0892-STIN-000040
187,26.20837662,-80.172997,0892-STIN-000037
189,26.20834141,-80.16773307,0992-STIN-000025
190,26.20833583,-80.16781527,0992-STIN-000024
191,26.20842622,-80.18431733,0892-STIN-000119
193,26.2084093,-80.18419107,0892-STIN-000120
195,26.20833928,-80.17375776,0892-STIN-000046
555,26.20362598,-80.12688832,1192-STIN-000017
197,26.20830061,-80.16948846,0992-STIN-000057
198,26.20829711,-80.16956879,0992-STIN-000056
201,26.20830689,-80.17389874,0892-STIN-000045
202,26.20825911,-80.16693641,0992-STIN-000009
206,26.20826987,-80.17451369,0892-STIN-000058
209,26.20822651,-80.17046446,0992-STIN-000071
210,26.20820371,-80.1670333,0992-STIN-000008
211,26.20822059,-80.17057817,0992-STIN-000072
212,26.20829734,-80.18433238,0892-STIN-000121
213,26.20820335,-80.17465265,0892-STIN-000061
214,26.20813602,-80.17452159,0892-STIN-000059
219,26.20806118,-80.17465039,0892-STIN-000060
222,26.20798592,-80.16852925,0992-STIN-000042
227,26.20768933,-80.12121225,1292-STIN-000142
232,26.20798888,-80.17527312,0892-STIN-000077
234,26.20753232,-80.10186795,0793-STIN-000043
242,26.20793836,-80.17540529,0892-STIN-000080
243,26.2078936,-80.16861584,0992-STIN-000044
244,26.2074994,-80.10325858,0793-STIN-000040
245,26.20786544,-80.16852339,0992-STIN-000043
247,26.20784917,-80.16771726,0992-STIN-000027
248,26.20745086,-80.10181011,0793-STIN-000041
249,26.20744817,-80.10194767,0793-STIN-000042
250,26.20780346,-80.16087435,0992-STIN-000104
252,26.20743484,-80.10322885,0793-STIN-000038
253,26.20781723,-80.16688615,0992-STIN-000012
254,26.20781615,-80.16702721,0992-STIN-000010
255,26.20785492,-80.17528211,0892-STIN-000078
256,26.20785218,-80.1757102,0892-STIN-000076
257,26.2077986,-80.16779616,0992-STIN-000026
258,26.20741562,-80.10495711,0793-STIN-000036
259,26.20780448,-80.1758504,0892-STIN-000071
260,26.20779144,-80.17541828,0892-STIN-000079
261,26.20735687,-80.10332893,0793-STIN-000039
262,26.20768792,-80.16087854,0992-STIN-000105
263,26.20734454,-80.10491404,0793-STIN-000037
269,26.20771942,-80.17648908,0892-STIN-000070
270,26.20771643,-80.17662972,0892-STIN-000067
271,26.2076546,-80.16701586,0992-STIN-000011
273,26.20770397,-80.17569953,0892-STIN-000073
274,26.20755445,-80.15058192,1092-STIN-000001
277,26.20765391,-80.17044333,0992-STIN-000074
278,26.20770674,-80.1796812,0892-STIN-000095
279,26.20770618,-80.1803023,0892-STIN-000098
280,26.20768675,-80.17725102,0892-STIN-000083
281,26.20769722,-80.17954613,0892-STIN-000096
283,26.20768137,-80.1773923,0892-STIN-000086
284,26.20769123,-80.18043979,0892-STIN-000099
285,26.20766438,-80.17586655,0892-STIN-000072
286,26.20762589,-80.16945894,0992-STIN-000059
288,26.20731396,-80.11828508,1292-STIN-000145
290,26.20730912,-80.11842431,1292-STIN-000146
291,26.20766566,-80.17891953,0892-STIN-000091
292,26.20765974,-80.17801308,0892-STIN-000088
293,26.20765453,-80.17815502,0892-STIN-000089
294,26.20762015,-80.17233362,0892-STIN-000029
295,26.20761791,-80.17223973,0892-STIN-000030
296,26.20765173,-80.17877784,0892-STIN-000093
298,26.20749018,-80.15250143,1092-STIN-000009
299,26.2075928,-80.17055075,0992-STIN-000073
300,26.20757518,-80.16954372,0992-STIN-000058
302,26.20759581,-80.17648879,0892-STIN-000069
305,26.2072554,-80.11993053,1292-STIN-000143
306,26.20757034,-80.1730048,0892-STIN-000048
307,26.20758663,-80.17662984,0892-STIN-000068
309,26.20756736,-80.17376965,0892-STIN-000053
310,26.20756331,-80.17310302,0892-STIN-000049
311,26.20756518,-80.17385914,0892-STIN-000054
313,26.20759125,-80.1810578,0892-STIN-000101
314,26.20725988,-80.12540007,1192-STIN-000001
315,26.20757909,-80.17967694,0892-STIN-000097
316,26.20756241,-80.1772483,0892-STIN-000084
317,26.20755711,-80.17739381,0892-STIN-000085
318,26.20757196,-80.18046829,0892-STIN-000100
319,26.20738805,-80.15062491,1092-STIN-000002
320,26.20719106,-80.11828747,1292-STIN-000147
321,26.20753227,-80.1780112,0892-STIN-000087
322,26.20754379,-80.18119705,0892-STIN-000102
323,26.20752343,-80.17814963,0892-STIN-000090
324,26.20752641,-80.17877238,0892-STIN-000094
325,26.20752187,-80.17891529,0892-STIN-000092
326,26.20736709,-80.15245468,1092-STIN-000010
327,26.20716091,-80.11992743,1292-STIN-000144
328,26.20745368,-80.1745257,0892-STIN-000065
329,26.20744993,-80.17461932,0892-STIN-000062
331,26.20740024,-80.16860593,0992-STIN-000045
332,26.20746888,-80.18106735,0892-STIN-000103
334,26.20696929,-80.10047299,0793-STIN-000045
336,26.20735077,-80.16850515,0992-STIN-000046
337,26.20693307,-80.1005457,0793-STIN-000046
344,26.20734172,-80.18181531,0892-STIN-000104
345,26.20721254,-80.15977887,0992-STIN-000152
348,26.20724928,-80.16769631,0992-STIN-000029
349,26.20694708,-80.11831334,1292-STIN-000148
350,26.20693824,-80.1184182,1292-STIN-000149
351,26.20723075,-80.16777914,0992-STIN-000028
354,26.20727083,-80.18195308,0892-STIN-000105
357,26.20710785,-80.16952983,0992-STIN-000060
358,26.20710665,-80.16944506,0992-STIN-000061
359,26.20708473,-80.1669974,0992-STIN-000013
361,26.20704963,-80.16686377,0992-STIN-000014
362,26.2071224,-80.18196653,0892-STIN-000106
363,26.20664362,-80.1047682,0793-STIN-000034
365,26.2070799,-80.18257197,0892-STIN-000110
368,26.20696933,-80.17042577,0992-STIN-000075
369,26.20657459,-80.10478516,0793-STIN-000035
370,26.20703694,-80.18271365,0892-STIN-000111
372,26.20690472,-80.17053309,0992-STIN-000076
374,26.20694011,-80.18338446,0892-STIN-000113
375,26.20692917,-80.18259141,0892-STIN-000112
376,26.20693066,-80.18352606,0892-STIN-000114
377,26.2068591,-80.17234052,0892-STIN-000031
379,26.20654976,-80.12344141,1192-STIN-000009
380,26.20690491,-80.18417728,0892-STIN-000116
381,26.20690357,-80.1842901,0892-STIN-000117
382,26.20639708,-80.10156653,0793-STIN-000044
383,26.20682176,-80.17296605,0892-STIN-000050
384,26.20682167,-80.17309823,0892-STIN-000051
385,26.20680814,-80.17372688,0892-STIN-000055
386,26.20680484,-80.17386152,0892-STIN-000056
387,26.20679709,-80.17449504,0892-STIN-000066
388,26.20678429,-80.17462816,0892-STIN-000063
389,26.20673998,-80.16701834,0992-STIN-000016
391,26.20682613,-80.18337403,0892-STIN-000115
392,26.20649065,-80.12672248,1192-STIN-000005
393,26.20662821,-80.15043222,1092-STIN-000004
394,26.2066193,-80.15055809,1092-STIN-000003
395,26.20645181,-80.12344004,1192-STIN-000279
396,26.20646339,-80.12574952,1192-STIN-000004
397,26.20675701,-80.1756227,0892-STIN-000081
398,26.20644474,-80.12330966,1192-STIN-000010
399,26.20680313,-80.18461529,0892-STIN-000125
400,26.20673167,-80.17226905,0892-STIN-000032
401,26.20679748,-80.18429761,0892-STIN-000118
402,26.20669472,-80.16765002,0992-STIN-000031
403,26.20671813,-80.17295333,0892-STIN-000052
404,26.20668492,-80.16778678,0992-STIN-000030
406,26.20670513,-80.17363996,0892-STIN-000057
407,26.20666451,-80.16693266,0992-STIN-000015
408,26.20679305,-80.18989544,0792-STIN-000001
409,26.20666927,-80.16844857,0992-STIN-000049
410,26.20639913,-80.12313897,1192-STIN-000280
411,26.20657401,-80.15242764,1092-STIN-000011
413,26.20666187,-80.16860172,0992-STIN-000048
414,26.20656681,-80.15256822,1092-STIN-000012
415,26.20668168,-80.17458058,0892-STIN-000064
416,26.20662849,-80.16693084,0992-STIN-000017
417,26.20667759,-80.17569975,0892-STIN-000082
418,26.20661792,-80.16953642,0992-STIN-000062
419,26.20661491,-80.16940652,0992-STIN-000063
420,26.20656946,-80.16770727,0992-STIN-000032
421,26.20669544,-80.1899973,0792-STIN-000002
422,26.206582,-80.17038756,0992-STIN-000079
423,26.20658142,-80.17048707,0992-STIN-000077
424,26.20659932,-80.17647302,0892-STIN-000027
425,26.20654223,-80.16851196,0992-STIN-000047
426,26.20658375,-80.17723249,0892-STIN-000026
428,26.20657131,-80.17799697,0892-STIN-000028
429,26.20651469,-80.17048447,0992-STIN-000078
430,26.20655739,-80.17875862,0892-STIN-000025
431,26.20649334,-80.16945947,0992-STIN-000064
434,26.20598332,-80.10301375,0793-STIN-000032
435,26.20612883,-80.12800119,1192-STIN-000008
439,26.20595283,-80.10551136,0793-STIN-000027
440,26.2059382,-80.10540708,0793-STIN-000028
441,26.20602582,-80.12797265,1192-STIN-000006
443,26.20597134,-80.12811157,1192-STIN-000007
444,26.20580077,-80.10334653,0793-STIN-000033
453,26.20581515,-80.15053983,1092-STIN-000005
454,26.20564902,-80.12498598,1192-STIN-000002
455,26.20579741,-80.15039543,1092-STIN-000007
457,26.20554516,-80.12498468,1192-STIN-000003
459,26.20537025,-80.1049443,0793-STIN-000025
460,26.20544515,-80.11949882,1292-STIN-000154
462,26.2054423,-80.11960278,1292-STIN-000157
464,26.20541893,-80.12050481,1292-STIN-000155
465,26.20541644,-80.12060998,1292-STIN-000156
466,26.20563361,-80.16370893,0992-STIN-000157
467,26.20563195,-80.16383505,0992-STIN-000156
469,26.20526145,-80.10497545,0793-STIN-000026
470,26.20522281,-80.10097263,0793-STIN-000031
471,26.20520026,-80.10173678,0793-STIN-000030
475,26.20547744,-80.15984903,0992-STIN-000149
478,26.20534854,-80.16370404,0992-STIN-000154
480,26.20534595,-80.16382584,0992-STIN-000155
482,26.20494356,-80.10576244,0793-STIN-000023
483,26.20494282,-80.10564433,0793-STIN-000024
9100,26.11048679,-80.14194154,1002-STIN-001042
486,26.20521243,-80.15237995,1092-STIN-000013
490,26.20516699,-80.15254018,1092-STIN-000016
492,26.20511938,-80.15487581,1092-STIN-000014
494,26.20501903,-80.15253048,1092-STIN-000017
495,26.20483118,-80.12151672,1292-STIN-000170
496,26.20481577,-80.1216201,1292-STIN-000171
499,26.20498772,-80.15487255,1092-STIN-000015
500,26.20496009,-80.15104939,1092-STIN-000006
502,26.20489123,-80.15494546,1092-STIN-000025
503,26.20457415,-80.10301546,0793-STIN-000029
504,26.20485293,-80.15097914,1092-STIN-000008
506,26.20484023,-80.15346773,1092-STIN-000024
507,26.20462019,-80.11843581,1292-STIN-000153
508,26.20461721,-80.11853794,1292-STIN-000152
518,26.20424029,-80.10831291,1292-STIN-000055
519,26.20422082,-80.10892305,1292-STIN-000053
520,26.20464761,-80.18106666,0892-STIN-000024
522,26.20424694,-80.11840651,1292-STIN-000150
523,26.20424288,-80.11854265,1292-STIN-000151
524,26.2045797,-80.18339126,0892-STIN-000020
525,26.20452813,-80.18110702,0892-STIN-000023
527,26.20406046,-80.10891494,1292-STIN-000052
529,26.20430596,-80.15250478,1092-STIN-000020
533,26.20444732,-80.1834372,0892-STIN-000019
534,26.20398344,-80.10628596,1292-STIN-000056
535,26.20424837,-80.15205534,1092-STIN-000021
537,26.20389895,-80.10448173,0793-STIN-000021
539,26.20383269,-80.10447,0793-STIN-000022
540,26.20387446,-80.11654094,1292-STIN-000195
541,26.20378911,-80.10586781,0793-STIN-000275
542,26.20376278,-80.11651571,1292-STIN-000196
544,26.20378698,-80.12242711,1292-STIN-000168
548,26.20365112,-80.11854829,1292-STIN-000158
549,26.20367121,-80.1224406,1292-STIN-000169
550,26.20366334,-80.1214759,1292-STIN-000164
551,26.20363546,-80.12136968,1292-STIN-000162
553,26.20363655,-80.12649453,1192-STIN-000018
554,26.20358812,-80.12061015,1292-STIN-000160
556,26.20360822,-80.12676284,1192-STIN-000015
557,26.2036069,-80.12657728,1192-STIN-000016
558,26.20356294,-80.12161801,1292-STIN-000166
559,26.20359911,-80.12864086,1192-STIN-000041
560,26.20353498,-80.11853654,1292-STIN-000159
561,26.20351773,-80.12136873,1292-STIN-000163
563,26.20347444,-80.12060582,1292-STIN-000161
565,26.2033666,-80.11034822,1292-STIN-000264
566,26.20332284,-80.1034244,0793-STIN-000020
569,26.20360412,-80.152298,1092-STIN-000018
571,26.20358202,-80.15225095,1092-STIN-000022
572,26.20356738,-80.15259058,1092-STIN-000023
712,26.20039846,-80.13090957,1192-STIN-000034
573,26.20356681,-80.15255896,1092-STIN-000019
575,26.20322414,-80.10334276,0793-STIN-000018
576,26.20322271,-80.10322417,0793-STIN-000019
577,26.20328105,-80.11505423,1292-STIN-000191
578,26.20325528,-80.11519431,1292-STIN-000192
579,26.20362154,-80.18085173,0892-STIN-000022
580,26.20361543,-80.1809819,0892-STIN-000021
581,26.20357645,-80.18344617,0892-STIN-000018
582,26.20357174,-80.18357069,0892-STIN-000017
583,26.20316214,-80.11653918,1292-STIN-000197
584,26.20306275,-80.10228607,0793-STIN-000017
585,26.20309197,-80.11038608,1292-STIN-000265
586,26.20305039,-80.11651626,1292-STIN-000198
588,26.20303878,-80.12659271,1192-STIN-000013
589,26.20301062,-80.12675391,1192-STIN-000014
590,26.20298365,-80.12862577,1192-STIN-000040
591,26.20294312,-80.13142856,1192-STIN-000055
592,26.20290615,-80.12675066,1192-STIN-000011
593,26.20293046,-80.13156694,1192-STIN-000053
594,26.20289366,-80.12659199,1192-STIN-000012
595,26.20277203,-80.10791816,1292-STIN-000069
596,26.20276923,-80.10782983,1292-STIN-000068
597,26.2027489,-80.10573456,0793-STIN-000071
598,26.20274495,-80.10590863,1292-STIN-000070
599,26.20287567,-80.12862825,1192-STIN-000038
600,26.20287572,-80.12877009,1192-STIN-000039
603,26.20274774,-80.11231186,1292-STIN-000188
604,26.20274166,-80.11217723,1292-STIN-000187
606,26.20269123,-80.13094226,1192-STIN-000042
607,26.20269026,-80.13078246,1192-STIN-000043
608,26.20257185,-80.11232335,1292-STIN-000185
609,26.20256483,-80.1121876,1292-STIN-000186
610,26.20250666,-80.10433237,0793-STIN-000014
611,26.20256358,-80.11568318,1292-STIN-000193
612,26.20245059,-80.11565946,1292-STIN-000194
614,26.20237257,-80.10931067,1292-STIN-000260
615,26.20232049,-80.10221855,0793-STIN-000015
616,26.20226013,-80.10223459,0793-STIN-000016
619,26.20219198,-80.10935813,1292-STIN-000261
620,26.20222193,-80.116579,1292-STIN-000199
621,26.20219719,-80.11983679,1292-STIN-000230
622,26.20213336,-80.11649717,1292-STIN-000200
9085,26.10962224,-80.17814926,0802-STIN-000047
625,26.20194108,-80.11404863,1292-STIN-000189
626,26.20192733,-80.11418868,1292-STIN-000190
630,26.20182687,-80.10780683,1292-STIN-000253
631,26.20189158,-80.13140951,1192-STIN-000062
632,26.2018915,-80.13154153,1192-STIN-000056
634,26.2022182,-80.1888348,0792-STIN-000017
635,26.20219887,-80.18992385,0792-STIN-000019
636,26.20220528,-80.19144082,0792-STIN-000014
637,26.20220152,-80.19205356,0792-STIN-000012
638,26.20218085,-80.19004181,0792-STIN-000020
639,26.20213802,-80.18467707,0892-STIN-000015
641,26.20213653,-80.18480626,0892-STIN-000016
643,26.20178146,-80.12761901,1192-STIN-000025
644,26.20216516,-80.19338837,0792-STIN-000007
645,26.20177822,-80.12772093,1192-STIN-000026
646,26.20213131,-80.18883227,0792-STIN-000018
647,26.20168154,-80.11707309,1292-STIN-000201
648,26.20212124,-80.19320072,0792-STIN-000008
649,26.20211216,-80.19204899,0792-STIN-000013
652,26.20167285,-80.12670381,1192-STIN-000024
653,26.20159967,-80.11718157,1292-STIN-000202
654,26.20164738,-80.12656372,1192-STIN-000022
655,26.20164145,-80.12578785,1192-STIN-000021
656,26.20201684,-80.19001977,0792-STIN-000021
657,26.20201289,-80.19144487,0792-STIN-000015
658,26.20148642,-80.10429284,0793-STIN-000011
661,26.20152454,-80.11981693,1292-STIN-000232
662,26.20141991,-80.1042899,0793-STIN-000012
663,26.20152999,-80.1259842,1192-STIN-000019
664,26.20152725,-80.12578755,1192-STIN-000020
665,26.20152638,-80.12656288,1192-STIN-000023
666,26.20132098,-80.10706335,1292-STIN-000252
667,26.20139636,-80.11981167,1292-STIN-000233
670,26.20134222,-80.12974405,1192-STIN-000027
671,26.20133472,-80.12964133,1192-STIN-000028
672,26.20112921,-80.1019269,0793-STIN-000013
676,26.20142303,-80.19172942,0792-STIN-000011
679,26.20134262,-80.19008787,0792-STIN-000022
682,26.20129621,-80.18569672,0892-STIN-000004
683,26.20128404,-80.18610347,0892-STIN-000003
684,26.20127973,-80.18631036,0892-STIN-000001
685,26.20129341,-80.19090426,0792-STIN-000016
686,26.2008385,-80.11674744,1292-STIN-000203
687,26.20125441,-80.1873342,0892-STIN-000002
688,26.20126396,-80.18927117,0792-STIN-000023
689,26.20122455,-80.18481929,0892-STIN-000005
690,26.20123969,-80.1925413,0792-STIN-000010
691,26.20124127,-80.19336293,0792-STIN-000005
692,26.20123636,-80.19417456,0792-STIN-000004
693,26.20117344,-80.18465043,0892-STIN-000006
694,26.20082971,-80.12879294,1192-STIN-000029
695,26.20081618,-80.12866658,1192-STIN-000030
697,26.20070952,-80.11674496,1292-STIN-000204
699,26.20112096,-80.19336705,0792-STIN-000006
700,26.20047405,-80.10400631,0793-STIN-000009
701,26.20047946,-80.10584781,1292-STIN-000272
702,26.2004712,-80.10563855,0793-STIN-000270
703,26.20055758,-80.12303105,1192-STIN-000281
704,26.20040819,-80.10397427,0793-STIN-000010
706,26.20038299,-80.10811757,1292-STIN-000249
707,26.20051354,-80.13068707,1192-STIN-000031
708,26.20034203,-80.10563337,0793-STIN-000271
709,26.20049206,-80.13083346,1192-STIN-000033
710,26.20029399,-80.10811798,1292-STIN-000250
711,26.20041717,-80.13058773,1192-STIN-000032
713,26.20013991,-80.10219346,0793-STIN-000008
714,26.20060675,-80.18464242,0892-STIN-000014
715,26.20057828,-80.18480897,0892-STIN-000013
716,26.20056816,-80.18542644,0892-STIN-000012
717,26.20015188,-80.11673722,1292-STIN-000205
718,26.20023732,-80.13149095,1192-STIN-000113
719,26.20053266,-80.18634239,0892-STIN-000010
720,26.20051601,-80.18725208,0892-STIN-000007
721,26.20044753,-80.18543685,0892-STIN-000011
722,26.20002351,-80.11673712,1292-STIN-000206
723,26.20041414,-80.18634327,0892-STIN-000009
724,26.20039329,-80.1872494,0892-STIN-000008
725,26.19980992,-80.1088921,1292-STIN-000248
726,26.19984436,-80.1270308,1192-STIN-000037
727,26.19983914,-80.12931011,1192-STIN-000063
728,26.19974581,-80.12930781,1192-STIN-000064
729,26.19972446,-80.126956,1192-STIN-000035
730,26.19969375,-80.12684117,1192-STIN-000036
732,26.19944671,-80.10445202,0793-STIN-000006
733,26.19950536,-80.11516481,1292-STIN-000207
735,26.19937857,-80.10449582,0793-STIN-000007
736,26.19937453,-80.1152381,1292-STIN-000208
737,26.19933191,-80.11508406,1292-STIN-000209
738,26.19928015,-80.10781816,1292-STIN-000245
739,26.19930735,-80.11444612,1292-STIN-000210
741,26.19922693,-80.1091886,1292-STIN-000242
742,26.19915819,-80.10248527,0793-STIN-000005
743,26.19918366,-80.11448612,1292-STIN-000211
748,26.19895589,-80.12805899,1192-STIN-000067
749,26.19892045,-80.12988836,1192-STIN-000065
750,26.19878144,-80.10938731,1292-STIN-000240
751,26.19878099,-80.10949719,1292-STIN-000239
752,26.19886293,-80.12805855,1192-STIN-000068
753,26.19882836,-80.12988777,1192-STIN-000066
754,26.19880631,-80.13146976,1192-STIN-000101
757,26.19850294,-80.10579484,1292-STIN-000269
758,26.19843489,-80.10558332,0793-STIN-000267
759,26.19840743,-80.10390792,0793-STIN-000003
760,26.19857531,-80.13146681,1192-STIN-000102
761,26.19837049,-80.10291604,0793-STIN-000004
762,26.19849297,-80.12726239,1192-STIN-000075
763,26.19847921,-80.12715728,1192-STIN-000076
764,26.19835282,-80.10782376,1292-STIN-000243
765,26.19830538,-80.10558105,0793-STIN-000268
767,26.19826203,-80.10780567,1292-STIN-000244
770,26.19812064,-80.11539926,1292-STIN-000212
771,26.19820027,-80.13064866,1192-STIN-000069
773,26.19799273,-80.11539696,1292-STIN-000213
774,26.19804761,-80.12801699,1192-STIN-000073
775,26.19801011,-80.12984802,1192-STIN-000071
776,26.19795514,-80.12801655,1192-STIN-000074
777,26.19796411,-80.13072601,1192-STIN-000070
778,26.19794439,-80.13163378,1192-STIN-000105
779,26.19791963,-80.1298432,1192-STIN-000072
780,26.19765985,-80.13158002,1192-STIN-000106
781,26.19742916,-80.10448828,0793-STIN-000001
782,26.19743304,-80.11538735,1292-STIN-000214
783,26.19736106,-80.10454897,0793-STIN-000002
784,26.1973253,-80.10835503,1292-STIN-000234
786,26.19730499,-80.11538514,1292-STIN-000215
787,26.19723364,-80.10826169,1292-STIN-000235
788,26.19730283,-80.13092145,1192-STIN-000084
789,26.19716812,-80.13066019,1192-STIN-000082
790,26.19714737,-80.12766349,1192-STIN-000079
791,26.19711589,-80.12936476,1192-STIN-000080
792,26.19696583,-80.10561364,0793-STIN-000274
793,26.19694877,-80.10571952,1292-STIN-000273
794,26.19705571,-80.1306782,1192-STIN-000083
795,26.19703053,-80.12750853,1192-STIN-000078
796,26.19702666,-80.12738423,1192-STIN-000077
797,26.19701452,-80.12936137,1192-STIN-000081
798,26.19697018,-80.13142876,1192-STIN-000112
800,26.19671254,-80.11523248,1292-STIN-000216
802,26.19670805,-80.1153741,1292-STIN-000217
803,26.1965586,-80.12399784,1192-STIN-000115
804,26.19643261,-80.10579806,1392-STIN-000018
806,26.19645671,-80.1104938,1392-STIN-000004
807,26.19645517,-80.11027127,1392-STIN-000005
808,26.19644404,-80.1109626,1392-STIN-001050
811,26.19637504,-80.10714157,1392-STIN-000015
813,26.19634741,-80.1084364,1392-STIN-000013
814,26.19635896,-80.11080959,1392-STIN-000001
818,26.19634454,-80.11032376,1392-STIN-000003
820,26.19633377,-80.1108772,1392-STIN-000002
821,26.19629374,-80.1057993,1392-STIN-000019
822,26.19640857,-80.12831856,1192-STIN-000097
823,26.19627588,-80.10716318,1392-STIN-000016
824,26.1962786,-80.10849688,1392-STIN-000014
825,26.19638484,-80.13154569,1192-STIN-000048
826,26.1963388,-80.13151536,1192-STIN-000049
827,26.19630543,-80.12831826,1492-STIN-000098
829,26.19622076,-80.13140858,1492-STIN-000047
841,26.19574791,-80.12660584,1492-STIN-000011
844,26.19567659,-80.12752075,1492-STIN-000010
846,26.19564562,-80.12671041,1492-STIN-000013
847,26.19565446,-80.12829938,1492-STIN-000007
848,26.19563284,-80.12738361,1492-STIN-000014
849,26.19563193,-80.13047226,1492-STIN-000005
850,26.19558243,-80.12660138,1492-STIN-000012
851,26.19556141,-80.12751765,1492-STIN-000009
852,26.19555963,-80.12841182,1492-STIN-000008
853,26.19538402,-80.10843309,1392-STIN-000012
854,26.19550223,-80.13046929,1492-STIN-000006
855,26.19532959,-80.10942671,1392-STIN-000011
856,26.19522693,-80.10623062,1392-STIN-000020
858,26.19502562,-80.10615708,1392-STIN-000021
864,26.19472687,-80.12815287,1492-STIN-000015
865,26.19469129,-80.13021086,1492-STIN-000017
866,26.19463296,-80.12815031,1492-STIN-000016
867,26.1945973,-80.13020863,1492-STIN-000018
872,26.19442939,-80.11087846,1392-STIN-000027
875,26.19429361,-80.10874188,1392-STIN-000023
876,26.19422371,-80.11053818,1392-STIN-000028
877,26.19422172,-80.11042116,1392-STIN-000029
882,26.1939417,-80.10690648,1392-STIN-000077
884,26.19392445,-80.11133226,1392-STIN-000038
885,26.19392101,-80.11122833,1392-STIN-000039
887,26.19389862,-80.11204059,1392-STIN-000049
891,26.19376637,-80.11210703,1392-STIN-000050
893,26.193726,-80.1069484,1392-STIN-000078
894,26.19374795,-80.11232319,1392-STIN-000052
895,26.19366961,-80.10674672,1392-STIN-000079
896,26.19379793,-80.1281203,1492-STIN-000027
898,26.19368112,-80.11214836,1392-STIN-000051
900,26.19375973,-80.13017774,1492-STIN-000023
901,26.19363303,-80.11058405,1392-STIN-000043
903,26.19361247,-80.11162045,1392-STIN-000045
904,26.19370484,-80.12811794,1492-STIN-000028
905,26.19355913,-80.11184386,1392-STIN-000048
906,26.19366668,-80.13017633,1492-STIN-000024
907,26.19354146,-80.11058651,1392-STIN-000042
908,26.19353143,-80.11101982,1392-STIN-000041
909,26.19352,-80.1116185,1392-STIN-000046
911,26.193493,-80.11168887,1392-STIN-000047
912,26.19347367,-80.11045685,1392-STIN-000044
913,26.19394452,-80.19295112,1892-STIN-000027
914,26.19344673,-80.10965952,1392-STIN-000075
918,26.1938767,-80.1952937,1892-STIN-000021
920,26.1938282,-80.19295643,1892-STIN-000023
923,26.19332816,-80.12702422,1492-STIN-000067
925,26.19318461,-80.11197069,1392-STIN-000055
927,26.19313495,-80.10802035,1392-STIN-000076
928,26.19315834,-80.11184656,1392-STIN-000056
929,26.19318735,-80.12697282,1492-STIN-000068
932,26.19354761,-80.19195617,1892-STIN-000025
933,26.19353081,-80.19121238,1892-STIN-000026
934,26.19352832,-80.19258683,1892-STIN-000024
935,26.19301412,-80.11249388,1392-STIN-000071
937,26.19295256,-80.11194424,1392-STIN-000057
938,26.19291343,-80.11437598,1392-STIN-000251
939,26.19287219,-80.11211156,1392-STIN-000070
942,26.19285291,-80.12854437,1492-STIN-000031
943,26.19285543,-80.13037514,1492-STIN-000032
946,26.19274203,-80.12841203,1492-STIN-000029
947,26.19273882,-80.12854058,1492-STIN-000030
950,26.1925931,-80.11211288,1392-STIN-000065
952,26.19267733,-80.13037106,1492-STIN-000033
953,26.19256653,-80.11225768,1392-STIN-000066
956,26.19248665,-80.11457218,1392-STIN-000250
958,26.19243051,-80.11218897,1392-STIN-000064
960,26.19242728,-80.11444874,1392-STIN-000249
963,26.19225481,-80.11384724,1392-STIN-000227
965,26.19211702,-80.11389314,1392-STIN-000228
968,26.19188763,-80.10802479,1392-STIN-000083
969,26.19187444,-80.10817339,1392-STIN-000084
970,26.1918596,-80.10912749,1392-STIN-000080
971,26.19185632,-80.10926349,1392-STIN-000081
974,26.19179399,-80.1068372,1392-STIN-000086
975,26.19178384,-80.10811501,1392-STIN-000085
976,26.19175849,-80.10912073,1392-STIN-000082
978,26.19172264,-80.10701244,1392-STIN-000087
979,26.1917395,-80.11264585,1392-STIN-000061
980,26.19169639,-80.11253366,1392-STIN-000060
983,26.19149413,-80.12638798,1492-STIN-000061
984,26.19139698,-80.11424731,1392-STIN-000224
986,26.19126242,-80.1143051,1392-STIN-000225
987,26.19132615,-80.12634362,1492-STIN-000062
988,26.19110642,-80.11294436,1392-STIN-000058
990,26.19104956,-80.11061944,1392-STIN-000216
991,26.19106297,-80.11283144,1392-STIN-000059
992,26.19104628,-80.110511,1392-STIN-000217
993,26.19154313,-80.1967582,1892-STIN-000001
994,26.19152399,-80.19556834,1892-STIN-000004
996,26.19094534,-80.10601505,1392-STIN-000108
997,26.19092306,-80.10656913,1392-STIN-000107
998,26.1914176,-80.19675021,1892-STIN-000002
999,26.19139275,-80.19278251,1892-STIN-000007
1000,26.1908863,-80.10758355,1392-STIN-000088
1001,26.19140458,-80.19555723,1892-STIN-000003
1002,26.19088587,-80.10771294,1392-STIN-000090
1004,26.19136446,-80.19408576,1892-STIN-000006
1005,26.19085433,-80.10887909,1392-STIN-000109
1006,26.19091455,-80.12293199,1492-STIN-000058
1007,26.19133082,-80.19532553,1892-STIN-000005
1008,26.19081292,-80.10913951,1392-STIN-000112
1009,26.1907936,-80.1077134,1392-STIN-000091
1010,26.19079168,-80.10759492,1392-STIN-000089
1011,26.19074219,-80.10940686,1392-STIN-000110
1017,26.1906993,-80.11103101,1392-STIN-000218
1020,26.19067855,-80.11179496,1392-STIN-000219
1023,26.19064605,-80.10939,1392-STIN-000111
1024,26.19066067,-80.1124865,1392-STIN-000220
1025,26.19065253,-80.11353568,1392-STIN-000261
1028,26.19107567,-80.19252483,1892-STIN-000008
1029,26.19048928,-80.10681407,1392-STIN-000101
1030,26.1904838,-80.10699082,1392-STIN-000102
1033,26.19032773,-80.10681853,1392-STIN-000105
1040,26.19000104,-80.10682724,1392-STIN-000103
1041,26.1899529,-80.10703173,1392-STIN-000104
1060,26.18967417,-80.12603491,1492-STIN-000070
1061,26.18967119,-80.1262278,1492-STIN-000069
1077,26.18982542,-80.19828025,1892-STIN-000009
1079,26.18977418,-80.19189008,1892-STIN-000019
1082,26.18976766,-80.19678318,1892-STIN-000011
1083,26.18977431,-80.19804449,1892-STIN-000010
1084,26.18975499,-80.19552051,1892-STIN-000013
1085,26.18973875,-80.19525325,1892-STIN-000015
1092,26.18961974,-80.19174457,1892-STIN-000018
1093,26.18964574,-80.19677966,1892-STIN-000012
1098,26.18959612,-80.19534892,1892-STIN-000014
1100,26.18957224,-80.19143768,1892-STIN-000020
1104,26.1895121,-80.19372323,1892-STIN-000016
1108,26.18893936,-80.10686236,1392-STIN-000127
1109,26.18893512,-80.10703333,1392-STIN-000128
1114,26.18939727,-80.19364461,1892-STIN-000017
1115,26.18894908,-80.12249023,1392-STIN-000204
1116,26.1889463,-80.12271934,1492-STIN-000087
1134,26.18855271,-80.12280279,1492-STIN-000090
1135,26.18855102,-80.12298091,1492-STIN-000089
1136,26.18850754,-80.12267189,1492-STIN-000084
1138,26.18848036,-80.12400846,1492-STIN-000085
1140,26.18830652,-80.10705517,1392-STIN-000131
1142,26.18820942,-80.10689012,1392-STIN-000130
1144,26.18864691,-80.19142537,1892-STIN-000030
1156,26.18778901,-80.10690443,1392-STIN-000133
1158,26.18781113,-80.11781801,1392-STIN-000284
1160,26.18749568,-80.10691127,1392-STIN-000134
1161,26.18743876,-80.10708032,1392-STIN-000135
1162,26.18728549,-80.10693812,1392-STIN-000136
1165,26.18711973,-80.10694127,1392-STIN-000137
1170,26.18683934,-80.1064184,1392-STIN-000139
1171,26.18683623,-80.10661729,1392-STIN-000140
1175,26.18667538,-80.10693371,1392-STIN-000138
1184,26.18580253,-80.10691326,1392-STIN-000146
1189,26.18496441,-80.10715215,1392-STIN-000145
1190,26.18493519,-80.10665091,1392-STIN-000142
1191,26.18492955,-80.10690409,1392-STIN-000143
1193,26.18473974,-80.10699012,1392-STIN-000144
1199,26.18423423,-80.10717381,1392-STIN-000148
1216,26.18323313,-80.10720373,1392-STIN-000157
1222,26.1822403,-80.10705827,1392-STIN-000149
1223,26.18223575,-80.10723054,1392-STIN-000150
1226,26.18196471,-80.10544847,1993-STIN-001053
1227,26.18194194,-80.10648441,2492-STIN-001275
1228,26.18188384,-80.09861755,1993-STIN-000152
1231,26.18187187,-80.10546768,1993-STIN-001054
1232,26.18183636,-80.10166682,1993-STIN-000150
1233,26.18184921,-80.10650398,2492-STIN-000002
1234,26.18178863,-80.09861749,1993-STIN-000153
1235,26.18174648,-80.10166668,1993-STIN-000149
1243,26.18096647,-80.10546514,1993-STIN-001055
1244,26.18093814,-80.10676133,2492-STIN-000007
1245,26.18092794,-80.10705812,2492-STIN-000008
1246,26.18090661,-80.10722293,2492-STIN-001277
1247,26.18086946,-80.1055347,1993-STIN-001056
1252,26.18057375,-80.09837679,1993-STIN-000160
1254,26.18038075,-80.09844508,1993-STIN-000158
1255,26.18037482,-80.10258475,1993-STIN-000145
1256,26.18037014,-80.10248252,1993-STIN-000146
1266,26.18020535,-80.09850716,1993-STIN-000159
1267,26.18024123,-80.10689604,2492-STIN-000014
1269,26.18021682,-80.10706373,2492-STIN-000015
1271,26.18014968,-80.10141689,1993-STIN-000147
1275,26.1800588,-80.10141518,1993-STIN-000148
1280,26.17999544,-80.09856885,1993-STIN-000161
1282,26.17997198,-80.10522192,1993-STIN-001057
1283,26.17988689,-80.1052541,1993-STIN-000196
1295,26.17964056,-80.09795958,1993-STIN-000195
1297,26.1793016,-80.09798657,1993-STIN-001072
1298,26.17924888,-80.09898666,1993-STIN-000176
1300,26.17925219,-80.10653293,2492-STIN-000021
1302,26.1791937,-80.1066944,2492-STIN-000022
1304,26.17913824,-80.10186157,1993-STIN-000143
1305,26.17907958,-80.09908023,1993-STIN-000177
1308,26.17905,-80.10186036,1993-STIN-000144
1309,26.17896481,-80.10584298,1993-STIN-000197
1310,26.17890933,-80.09815135,1993-STIN-000181
1311,26.17890423,-80.09802083,1993-STIN-000182
1315,26.17887629,-80.1058396,1993-STIN-000198
1316,26.17870137,-80.10266626,1993-STIN-000141
1317,26.17869596,-80.10256989,1993-STIN-000142
1319,26.17868412,-80.10662054,2492-STIN-000027
1320,26.1785472,-80.10647332,2492-STIN-000029
1323,26.17845662,-80.10157403,1993-STIN-000140
1325,26.17836722,-80.10157225,1993-STIN-000139
1326,26.17796248,-80.10585731,1993-STIN-000199
1329,26.17787121,-80.10586307,1993-STIN-000200
1330,26.177756,-80.0982834,1993-STIN-001075
1331,26.17775182,-80.09824417,1993-STIN-001073
1332,26.17774375,-80.09816373,1993-STIN-001074
1335,26.17757104,-80.10619093,2492-STIN-000032
1336,26.17747538,-80.09980355,1993-STIN-000131
1337,26.1774741,-80.10004659,1993-STIN-000133
1338,26.17745637,-80.101304,1993-STIN-000135
1339,26.17744296,-80.0996601,1993-STIN-000132
1340,26.17743911,-80.10253293,1993-STIN-000137
1341,26.17738496,-80.10005088,1993-STIN-000134
1342,26.17736744,-80.10130234,1993-STIN-000136
1343,26.17734942,-80.10253154,1993-STIN-000138
1344,26.17699084,-80.10485552,1993-STIN-000203
1345,26.17696514,-80.10590328,1993-STIN-000201
1346,26.17688981,-80.10485888,1993-STIN-000204
1347,26.17687147,-80.10590844,1993-STIN-000202
1350,26.1764873,-80.09986992,1993-STIN-000127
1351,26.17646526,-80.09845703,1993-STIN-001078
1352,26.1764624,-80.09841345,1993-STIN-001076
1353,26.1764582,-80.09832397,1993-STIN-001077
1354,26.17645966,-80.10046886,1993-STIN-000129
1355,26.1764225,-80.10143944,1993-STIN-000125
1356,26.17637041,-80.10046918,1993-STIN-000130
1357,26.17636273,-80.09989189,1993-STIN-000128
1358,26.1763597,-80.10144041,1993-STIN-000126
1360,26.17622555,-80.10281541,1993-STIN-000123
1361,26.17620639,-80.1027171,1993-STIN-000124
1363,26.17603582,-80.10459725,1993-STIN-000205
1366,26.1759207,-80.1045956,1993-STIN-000206
1367,26.17553289,-80.10169618,1993-STIN-000116
1368,26.17551765,-80.10018992,1993-STIN-000120
1369,26.17550959,-80.1007193,1993-STIN-000122
1373,26.17543423,-80.09843993,1993-STIN-001080
1374,26.1754361,-80.10020661,1993-STIN-000118
1375,26.17542608,-80.10008287,1993-STIN-000119
1376,26.17541998,-80.10071764,1993-STIN-000121
1377,26.1753753,-80.10169495,1993-STIN-000117
1378,26.17510638,-80.10663086,2492-STIN-000040
1379,26.17510668,-80.10676158,2492-STIN-000041
1382,26.17465654,-80.10459422,1993-STIN-000209
1385,26.17463182,-80.10553573,1993-STIN-000207
1386,26.17457881,-80.10029996,1993-STIN-000111
1387,26.17455569,-80.10091083,1993-STIN-000113
1389,26.17453098,-80.09865338,1993-STIN-001081
1391,26.17456153,-80.10459318,1993-STIN-000210
1392,26.17454452,-80.10188416,1993-STIN-000114
1393,26.17451614,-80.09854529,1993-STIN-001082
1394,26.17453879,-80.10553287,1993-STIN-000208
1395,26.17447146,-80.10020371,1993-STIN-000109
1396,26.17447125,-80.10090907,1993-STIN-000112
1397,26.17446636,-80.10031574,1993-STIN-000110
1398,26.17445476,-80.10188549,1993-STIN-000115
1402,26.17399414,-80.10011003,1993-STIN-000102
1404,26.17398242,-80.09851385,1993-STIN-000227
1406,26.17369325,-80.10014011,1993-STIN-000103
1407,26.173628,-80.10041397,1993-STIN-000105
1408,26.17362708,-80.10028934,1993-STIN-000104
1409,26.17364325,-80.10480535,1993-STIN-000215
1410,26.17360639,-80.10091306,1993-STIN-000107
1411,26.17357356,-80.09867794,1993-STIN-000225
1413,26.17354453,-80.10477727,1993-STIN-000216
1414,26.17351714,-80.10091661,1993-STIN-000108
1415,26.17351185,-80.10042767,1993-STIN-000106
1416,26.17352777,-80.10571925,1993-STIN-000214
1417,26.17343451,-80.10296568,1993-STIN-000078
1423,26.17330296,-80.10736699,2492-STIN-000052
1427,26.17310047,-80.10296022,1993-STIN-000079
1428,26.17294465,-80.10773063,2492-STIN-000055
1429,26.17291139,-80.10760778,2492-STIN-000056
1432,26.17276856,-80.10783868,2492-STIN-000057
1433,26.17270904,-80.0993079,1993-STIN-000087
1434,26.17266938,-80.09879139,1993-STIN-000090
1436,26.17265425,-80.10193825,1993-STIN-000076
1437,26.17263905,-80.10482053,1993-STIN-000217
1438,26.17260358,-80.0993145,1993-STIN-000086
